resume_id,score,coverage,decision
2220,35.7,0.73,Rejected
1304,33.36,0.73,Rejected
738,32.75,0.67,Rejected
1264,32.6,0.73,Rejected
259,31.96,0.73,Rejected
331,31.23,0.6,Rejected
2252,30.9,0.67,Rejected
1802,30.74,0.67,Rejected
1327,30.7,0.67,Rejected
254,30.46,0.67,Rejected
225,30.39,0.67,Rejected
1356,30.29,0.67,Rejected
1799,30.27,0.67,Rejected
707,30.13,0.6,Rejected
1803,30.1,0.6,Rejected
929,29.97,0.6,Rejected
311,29.94,0.6,Rejected
309,29.54,0.6,Rejected
1762,29.51,0.6,Rejected
276,29.51,0.6,Rejected
199,29.39,0.67,Rejected
1251,29.31,0.67,Rejected
1790,29.18,0.6,Rejected
1176,29.13,0.6,Rejected
963,29.09,0.53,Rejected
268,29.06,0.53,Rejected
2111,29.03,0.67,Rejected
1720,29.02,0.6,Rejected
228,28.97,0.6,Rejected
1595,28.92,0.6,Rejected
987,28.86,0.67,Rejected
1754,28.8,0.6,Rejected
1165,28.77,0.67,Rejected
1712,28.75,0.6,Rejected
2235,28.66,0.6,Rejected
522,28.57,0.6,Rejected
1707,28.5,0.67,Rejected
1161,28.48,0.67,Rejected
315,28.33,0.6,Rejected
301,28.21,0.67,Rejected
316,28.17,0.6,Rejected
731,28.14,0.67,Rejected
234,28.11,0.67,Rejected
1641,27.97,0.6,Rejected
977,27.96,0.67,Rejected
209,27.91,0.6,Rejected
196,27.86,0.6,Rejected
1952,27.82,0.6,Rejected
1736,27.73,0.53,Rejected
137,27.68,0.6,Rejected
627,27.59,0.6,Rejected
662,27.44,0.53,Rejected
213,27.37,0.6,Rejected
265,27.36,0.6,Rejected
1307,27.36,0.6,Rejected
1661,27.36,0.6,Rejected
2395,27.36,0.6,Rejected
154,27.36,0.53,Rejected
1698,27.34,0.53,Rejected
1985,27.3,0.6,Rejected
2190,27.29,0.6,Rejected
2410,27.26,0.6,Rejected
2200,27.24,0.47,Rejected
774,27.23,0.53,Rejected
628,27.21,0.6,Rejected
144,27.2,0.53,Rejected
291,27.14,0.6,Rejected
1941,27.09,0.6,Rejected
267,27.08,0.6,Rejected
282,27.07,0.6,Rejected
1775,27.03,0.53,Rejected
2225,27.02,0.6,Rejected
1714,26.97,0.6,Rejected
1731,26.96,0.53,Rejected
2191,26.95,0.53,Rejected
2202,26.95,0.6,Rejected
1972,26.9,0.6,Rejected
2199,26.89,0.53,Rejected
294,26.88,0.6,Rejected
1960,26.87,0.6,Rejected
1257,26.85,0.6,Rejected
284,26.78,0.6,Rejected
1239,26.77,0.6,Rejected
1185,26.74,0.6,Rejected
132,26.7,0.6,Rejected
735,26.61,0.53,Rejected
714,26.61,0.6,Rejected
1788,26.58,0.53,Rejected
330,26.56,0.6,Rejected
941,26.54,0.6,Rejected
195,26.53,0.6,Rejected
2474,26.51,0.6,Rejected
2026,26.48,0.53,Rejected
214,26.43,0.53,Rejected
596,26.39,0.6,Rejected
281,26.36,0.6,Rejected
1104,26.33,0.53,Rejected
152,26.31,0.6,Rejected
956,26.26,0.53,Rejected
988,26.24,0.6,Rejected
1187,26.19,0.6,Rejected
297,26.17,0.53,Rejected
1990,26.11,0.53,Rejected
1797,26.11,0.6,Rejected
1993,26.11,0.47,Rejected
1738,26.09,0.53,Rejected
1544,26.09,0.53,Rejected
2367,26.08,0.53,Rejected
2469,26.08,0.6,Rejected
1173,26.06,0.6,Rejected
2293,26.06,0.53,Rejected
1467,26.06,0.53,Rejected
953,26.02,0.6,Rejected
1379,25.99,0.6,Rejected
1700,25.98,0.53,Rejected
2083,25.98,0.6,Rejected
1272,25.97,0.6,Rejected
119,25.9,0.53,Rejected
2451,25.84,0.6,Rejected
163,25.82,0.53,Rejected
230,25.8,0.53,Rejected
250,25.79,0.53,Rejected
1954,25.76,0.53,Rejected
1683,25.74,0.6,Rejected
1282,25.73,0.53,Rejected
304,25.73,0.53,Rejected
912,25.67,0.6,Rejected
1541,25.63,0.6,Rejected
1195,25.62,0.6,Rejected
1258,25.57,0.6,Rejected
547,25.55,0.6,Rejected
601,25.55,0.6,Rejected
1166,25.54,0.53,Rejected
2431,25.54,0.53,Rejected
1281,25.53,0.6,Rejected
2008,25.45,0.53,Rejected
1224,25.44,0.6,Rejected
2050,25.41,0.6,Rejected
2219,25.4,0.53,Rejected
1767,25.39,0.6,Rejected
940,25.35,0.6,Rejected
1326,25.24,0.6,Rejected
1546,25.18,0.53,Rejected
1380,25.15,0.6,Rejected
135,25.13,0.53,Rejected
1143,25.12,0.6,Rejected
605,25.11,0.6,Rejected
1562,25.06,0.53,Rejected
1725,25.03,0.53,Rejected
1113,25.02,0.53,Rejected
293,25.01,0.53,Rejected
1259,24.99,0.53,Rejected
447,24.96,0.6,Rejected
1626,24.95,0.53,Rejected
1791,24.95,0.53,Rejected
321,24.93,0.6,Rejected
787,24.91,0.53,Rejected
593,24.86,0.53,Rejected
127,24.8,0.6,Rejected
2017,24.79,0.53,Rejected
1657,24.77,0.53,Rejected
1651,24.75,0.53,Rejected
700,24.74,0.6,Rejected
305,24.71,0.47,Rejected
158,24.71,0.53,Rejected
1671,24.69,0.47,Rejected
1755,24.68,0.47,Rejected
116,24.67,0.53,Rejected
1946,24.66,0.53,Rejected
2290,24.62,0.47,Rejected
1213,24.6,0.53,Rejected
638,24.53,0.53,Rejected
110,24.52,0.53,Rejected
1690,24.52,0.53,Rejected
2417,24.51,0.53,Rejected
161,24.5,0.53,Rejected
2475,24.48,0.53,Rejected
1980,24.47,0.53,Rejected
1785,24.39,0.53,Rejected
1703,24.38,0.53,Rejected
1138,24.35,0.47,Rejected
182,24.34,0.53,Rejected
148,24.33,0.53,Rejected
438,24.32,0.53,Rejected
1111,24.28,0.53,Rejected
1741,24.21,0.53,Rejected
1125,24.21,0.53,Rejected
2365,24.18,0.53,Rejected
1254,24.15,0.53,Rejected
2377,24.15,0.53,Rejected
217,24.15,0.47,Rejected
1701,24.13,0.53,Rejected
1157,24.12,0.47,Rejected
1180,24.12,0.53,Rejected
1733,24.11,0.53,Rejected
1558,24.1,0.53,Rejected
156,24.08,0.47,Rejected
1154,24.06,0.53,Rejected
1167,24.06,0.53,Rejected
973,24.05,0.53,Rejected
280,24.05,0.53,Rejected
1749,24.05,0.53,Rejected
1747,24.04,0.53,Rejected
1881,24.01,0.53,Rejected
1075,23.98,0.53,Rejected
570,23.98,0.47,Rejected
175,23.96,0.53,Rejected
2007,23.92,0.47,Rejected
1709,23.88,0.53,Rejected
77,23.87,0.53,Rejected
2215,23.82,0.53,Rejected
2476,23.8,0.53,Rejected
1002,23.8,0.53,Rejected
706,23.79,0.53,Rejected
872,23.79,0.47,Rejected
2140,23.77,0.53,Rejected
1596,23.76,0.53,Rejected
1539,23.76,0.53,Rejected
1142,23.75,0.53,Rejected
1119,23.71,0.53,Rejected
1772,23.7,0.53,Rejected
1750,23.68,0.47,Rejected
2009,23.66,0.4,Rejected
2093,23.65,0.53,Rejected
202,23.64,0.53,Rejected
1696,23.63,0.53,Rejected
1196,23.61,0.53,Rejected
1763,23.59,0.53,Rejected
332,23.56,0.47,Rejected
1636,23.56,0.47,Rejected
512,23.56,0.53,Rejected
334,23.52,0.53,Rejected
349,23.51,0.53,Rejected
754,23.5,0.53,Rejected
2072,23.5,0.53,Rejected
1619,23.49,0.53,Rejected
67,23.49,0.53,Rejected
1801,23.48,0.47,Rejected
600,23.48,0.53,Rejected
226,23.46,0.4,Rejected
1124,23.45,0.53,Rejected
1453,23.45,0.53,Rejected
2394,23.44,0.53,Rejected
968,23.44,0.53,Rejected
2294,23.43,0.53,Rejected
1862,23.42,0.53,Rejected
1279,23.41,0.53,Rejected
318,23.4,0.47,Rejected
967,23.38,0.53,Rejected
1996,23.38,0.47,Rejected
2002,23.36,0.53,Rejected
2188,23.35,0.53,Rejected
2436,23.35,0.47,Rejected
197,23.35,0.53,Rejected
753,23.34,0.47,Rejected
2443,23.28,0.53,Rejected
1608,23.28,0.53,Rejected
1371,23.27,0.53,Rejected
1768,23.27,0.47,Rejected
2053,23.27,0.53,Rejected
2348,23.22,0.53,Rejected
645,23.22,0.53,Rejected
1084,23.21,0.53,Rejected
1081,23.21,0.53,Rejected
1139,23.2,0.47,Rejected
2242,23.18,0.53,Rejected
253,23.16,0.53,Rejected
1685,23.16,0.53,Rejected
1193,23.15,0.53,Rejected
1294,23.14,0.53,Rejected
680,23.13,0.53,Rejected
241,23.11,0.53,Rejected
1412,23.09,0.53,Rejected
1935,23.09,0.47,Rejected
1068,23.09,0.53,Rejected
1253,23.07,0.47,Rejected
131,23.05,0.53,Rejected
185,23.05,0.47,Rejected
1037,23.05,0.53,Rejected
531,23.03,0.53,Rejected
1061,23.03,0.53,Rejected
2061,23.0,0.53,Rejected
617,22.99,0.53,Rejected
2458,22.98,0.53,Rejected
1968,22.98,0.47,Rejected
970,22.97,0.53,Rejected
1137,22.97,0.4,Rejected
1201,22.95,0.53,Rejected
499,22.94,0.53,Rejected
2284,22.92,0.53,Rejected
1625,22.89,0.53,Rejected
1320,22.89,0.53,Rejected
1135,22.89,0.53,Rejected
1761,22.88,0.47,Rejected
299,22.88,0.53,Rejected
1942,22.87,0.47,Rejected
248,22.84,0.47,Rejected
583,22.82,0.47,Rejected
651,22.81,0.47,Rejected
336,22.8,0.53,Rejected
1997,22.8,0.47,Rejected
581,22.78,0.53,Rejected
677,22.77,0.53,Rejected
1328,22.76,0.47,Rejected
335,22.75,0.47,Rejected
1347,22.73,0.53,Rejected
1477,22.72,0.53,Rejected
702,22.7,0.53,Rejected
1435,22.69,0.53,Rejected
1794,22.69,0.47,Rejected
703,22.69,0.53,Rejected
1414,22.69,0.53,Rejected
568,22.68,0.47,Rejected
664,22.66,0.53,Rejected
223,22.65,0.53,Rejected
719,22.65,0.53,Rejected
979,22.63,0.53,Rejected
2029,22.63,0.47,Rejected
1273,22.62,0.53,Rejected
966,22.62,0.53,Rejected
1150,22.61,0.47,Rejected
1280,22.61,0.53,Rejected
1517,22.58,0.53,Rejected
1131,22.58,0.53,Rejected
286,22.58,0.4,Rejected
1760,22.57,0.47,Rejected
1216,22.55,0.47,Rejected
326,22.54,0.47,Rejected
1312,22.54,0.47,Rejected
123,22.52,0.53,Rejected
1005,22.5,0.53,Rejected
1004,22.49,0.53,Rejected
224,22.49,0.53,Rejected
2233,22.48,0.47,Rejected
2176,22.48,0.53,Rejected
1779,22.47,0.47,Rejected
198,22.46,0.53,Rejected
1441,22.45,0.53,Rejected
2000,22.45,0.4,Rejected
2478,22.43,0.53,Rejected
2438,22.43,0.47,Rejected
432,22.42,0.53,Rejected
1757,22.41,0.47,Rejected
1652,22.41,0.47,Rejected
1373,22.41,0.53,Rejected
846,22.4,0.47,Rejected
1323,22.39,0.47,Rejected
2134,22.37,0.53,Rejected
2115,22.35,0.53,Rejected
976,22.35,0.4,Rejected
1787,22.35,0.47,Rejected
94,22.34,0.53,Rejected
2077,22.34,0.47,Rejected
471,22.34,0.47,Rejected
1178,22.33,0.47,Rejected
1559,22.31,0.47,Rejected
527,22.31,0.53,Rejected
1018,22.31,0.47,Rejected
532,22.3,0.47,Rejected
1409,22.29,0.53,Rejected
906,22.29,0.47,Rejected
2103,22.23,0.47,Rejected
1011,22.22,0.47,Rejected
2313,22.18,0.47,Rejected
422,22.17,0.53,Rejected
1710,22.16,0.47,Rejected
2034,22.16,0.47,Rejected
811,22.16,0.53,Rejected
996,22.12,0.47,Rejected
220,22.11,0.47,Rejected
1278,22.11,0.47,Rejected
1232,22.11,0.53,Rejected
535,22.1,0.53,Rejected
2430,22.09,0.53,Rejected
1218,22.08,0.33,Rejected
1445,22.07,0.47,Rejected
2393,22.07,0.47,Rejected
1774,22.07,0.47,Rejected
493,22.05,0.53,Rejected
1431,22.05,0.53,Rejected
1737,22.03,0.47,Rejected
2183,22.03,0.47,Rejected
1634,22.02,0.53,Rejected
296,22.02,0.47,Rejected
420,22.01,0.53,Rejected
1930,22.0,0.4,Rejected
1969,21.98,0.47,Rejected
173,21.95,0.47,Rejected
1495,21.94,0.47,Rejected
1,21.93,0.47,Rejected
0,21.93,0.53,Rejected
312,21.93,0.4,Rejected
169,21.91,0.47,Rejected
1955,21.9,0.4,Rejected
184,21.9,0.47,Rejected
1899,21.88,0.53,Rejected
1834,21.88,0.47,Rejected
310,21.87,0.47,Rejected
2238,21.86,0.47,Rejected
2420,21.84,0.4,Rejected
2287,21.84,0.47,Rejected
1624,21.84,0.47,Rejected
1800,21.82,0.47,Rejected
1361,21.81,0.53,Rejected
258,21.8,0.53,Rejected
785,21.77,0.53,Rejected
844,21.74,0.47,Rejected
1220,21.73,0.47,Rejected
1319,21.71,0.47,Rejected
1042,21.7,0.47,Rejected
689,21.69,0.47,Rejected
892,21.67,0.4,Rejected
2196,21.66,0.47,Rejected
111,21.65,0.47,Rejected
288,21.63,0.47,Rejected
1982,21.63,0.47,Rejected
2423,21.62,0.47,Rejected
1127,21.62,0.47,Rejected
232,21.61,0.47,Rejected
1584,21.6,0.47,Rejected
1813,21.57,0.47,Rejected
1318,21.57,0.47,Rejected
1948,21.56,0.53,Rejected
1083,21.56,0.47,Rejected
206,21.55,0.47,Rejected
1188,21.54,0.47,Rejected
510,21.54,0.47,Rejected
319,21.54,0.4,Rejected
236,21.53,0.47,Rejected
1091,21.51,0.47,Rejected
1991,21.5,0.4,Rejected
983,21.5,0.47,Rejected
89,21.5,0.47,Rejected
1145,21.5,0.47,Rejected
1933,21.48,0.47,Rejected
1977,21.47,0.4,Rejected
1847,21.43,0.47,Rejected
1684,21.4,0.47,Rejected
1724,21.4,0.47,Rejected
721,21.37,0.47,Rejected
1628,21.37,0.47,Rejected
1638,21.36,0.47,Rejected
684,21.35,0.47,Rejected
1665,21.34,0.47,Rejected
858,21.31,0.47,Rejected
1600,21.31,0.47,Rejected
959,21.3,0.47,Rejected
2192,21.29,0.47,Rejected
1184,21.28,0.47,Rejected
140,21.28,0.47,Rejected
962,21.28,0.47,Rejected
1086,21.22,0.47,Rejected
2344,21.22,0.47,Rejected
1721,21.22,0.4,Rejected
529,21.21,0.47,Rejected
1722,21.21,0.47,Rejected
1164,21.21,0.47,Rejected
2260,21.18,0.47,Rejected
2363,21.17,0.47,Rejected
229,21.16,0.47,Rejected
43,21.15,0.47,Rejected
1571,21.14,0.47,Rejected
149,21.13,0.47,Rejected
1867,21.13,0.47,Rejected
151,21.13,0.47,Rejected
1623,21.12,0.47,Rejected
1667,21.09,0.47,Rejected
30,21.08,0.47,Rejected
308,21.07,0.47,Rejected
863,21.07,0.47,Rejected
233,21.06,0.47,Rejected
819,21.02,0.47,Rejected
675,20.99,0.47,Rejected
1630,20.97,0.47,Rejected
1315,20.97,0.47,Rejected
944,20.96,0.47,Rejected
380,20.95,0.47,Rejected
1172,20.94,0.47,Rejected
1924,20.94,0.4,Rejected
2392,20.94,0.4,Rejected
59,20.93,0.47,Rejected
2333,20.92,0.4,Rejected
1970,20.91,0.4,Rejected
1425,20.9,0.47,Rejected
643,20.9,0.47,Rejected
2480,20.89,0.47,Rejected
1843,20.89,0.47,Rejected
327,20.88,0.47,Rejected
1976,20.88,0.4,Rejected
2168,20.88,0.47,Rejected
328,20.88,0.47,Rejected
897,20.87,0.47,Rejected
295,20.86,0.47,Rejected
1780,20.86,0.47,Rejected
2241,20.85,0.47,Rejected
222,20.84,0.47,Rejected
2004,20.84,0.47,Rejected
1966,20.84,0.47,Rejected
208,20.84,0.47,Rejected
871,20.84,0.47,Rejected
2434,20.83,0.47,Rejected
695,20.83,0.47,Rejected
302,20.82,0.4,Rejected
2031,20.82,0.4,Rejected
2221,20.82,0.47,Rejected
2230,20.81,0.47,Rejected
108,20.79,0.47,Rejected
576,20.79,0.47,Rejected
560,20.78,0.47,Rejected
2320,20.77,0.47,Rejected
201,20.77,0.47,Rejected
159,20.77,0.47,Rejected
1460,20.75,0.47,Rejected
1027,20.75,0.47,Rejected
1297,20.75,0.47,Rejected
508,20.75,0.47,Rejected
2465,20.74,0.47,Rejected
2186,20.74,0.47,Rejected
1247,20.73,0.47,Rejected
1580,20.73,0.47,Rejected
66,20.73,0.47,Rejected
2137,20.72,0.47,Rejected
2460,20.72,0.47,Rejected
218,20.72,0.4,Rejected
2023,20.72,0.4,Rejected
1753,20.71,0.47,Rejected
611,20.7,0.47,Rejected
1893,20.69,0.47,Rejected
1882,20.67,0.47,Rejected
1979,20.66,0.4,Rejected
2041,20.65,0.47,Rejected
2222,20.65,0.4,Rejected
1109,20.65,0.47,Rejected
2166,20.64,0.47,Rejected
283,20.63,0.47,Rejected
365,20.63,0.47,Rejected
1337,20.62,0.47,Rejected
1440,20.62,0.47,Rejected
525,20.61,0.47,Rejected
348,20.6,0.47,Rejected
78,20.6,0.47,Rejected
2062,20.59,0.47,Rejected
895,20.59,0.47,Rejected
2012,20.58,0.47,Rejected
1647,20.56,0.47,Rejected
1296,20.56,0.47,Rejected
1804,20.55,0.47,Rejected
984,20.54,0.47,Rejected
87,20.54,0.47,Rejected
263,20.53,0.47,Rejected
1904,20.52,0.47,Rejected
2081,20.52,0.47,Rejected
95,20.52,0.47,Rejected
1386,20.52,0.47,Rejected
1730,20.5,0.47,Rejected
2001,20.49,0.47,Rejected
118,20.48,0.47,Rejected
1338,20.48,0.47,Rejected
17,20.47,0.47,Rejected
1463,20.47,0.47,Rejected
1474,20.46,0.47,Rejected
97,20.46,0.47,Rejected
1223,20.45,0.47,Rejected
975,20.45,0.47,Rejected
126,20.44,0.4,Rejected
1325,20.44,0.47,Rejected
854,20.44,0.47,Rejected
147,20.43,0.4,Rejected
1085,20.43,0.4,Rejected
755,20.42,0.47,Rejected
317,20.42,0.4,Rejected
18,20.41,0.47,Rejected
2425,20.4,0.47,Rejected
1262,20.39,0.47,Rejected
1151,20.39,0.47,Rejected
608,20.39,0.47,Rejected
1402,20.39,0.47,Rejected
1310,20.38,0.4,Rejected
597,20.38,0.47,Rejected
1765,20.38,0.47,Rejected
2092,20.36,0.47,Rejected
194,20.36,0.4,Rejected
1306,20.36,0.47,Rejected
1860,20.35,0.47,Rejected
749,20.34,0.47,Rejected
2086,20.33,0.47,Rejected
1252,20.32,0.47,Rejected
1594,20.32,0.47,Rejected
458,20.32,0.47,Rejected
1260,20.32,0.47,Rejected
455,20.31,0.47,Rejected
489,20.31,0.47,Rejected
2178,20.3,0.47,Rejected
766,20.3,0.47,Rejected
205,20.28,0.47,Rejected
1989,20.28,0.47,Rejected
681,20.27,0.47,Rejected
2342,20.27,0.4,Rejected
533,20.26,0.47,Rejected
494,20.25,0.47,Rejected
1155,20.25,0.47,Rejected
2155,20.25,0.47,Rejected
1532,20.24,0.47,Rejected
1153,20.23,0.47,Rejected
1222,20.23,0.47,Rejected
337,20.22,0.47,Rejected
845,20.22,0.4,Rejected
2087,20.21,0.4,Rejected
347,20.21,0.47,Rejected
1699,20.19,0.47,Rejected
2118,20.17,0.47,Rejected
1067,20.17,0.47,Rejected
667,20.16,0.4,Rejected
2385,20.16,0.47,Rejected
1444,20.16,0.47,Rejected
1704,20.15,0.47,Rejected
1365,20.15,0.47,Rejected
981,20.14,0.47,Rejected
2381,20.14,0.47,Rejected
1695,20.14,0.47,Rejected
2388,20.14,0.47,Rejected
882,20.12,0.47,Rejected
598,20.11,0.47,Rejected
1832,20.1,0.4,Rejected
2335,20.09,0.47,Rejected
1681,20.09,0.47,Rejected
838,20.09,0.47,Rejected
91,20.08,0.47,Rejected
990,20.07,0.47,Rejected
481,20.07,0.47,Rejected
1627,20.06,0.47,Rejected
1898,20.06,0.47,Rejected
1099,20.05,0.47,Rejected
1815,20.05,0.47,Rejected
1609,20.05,0.47,Rejected
2457,20.04,0.4,Rejected
1238,20.02,0.47,Rejected
1632,20.01,0.47,Rejected
1384,20.01,0.47,Rejected
2346,20.01,0.47,Rejected
2338,20.01,0.47,Rejected
781,20.0,0.47,Rejected
505,20.0,0.47,Rejected
1687,19.99,0.47,Rejected
1443,19.99,0.47,Rejected
1577,19.98,0.47,Rejected
2161,19.98,0.47,Rejected
999,19.97,0.47,Rejected
2210,19.96,0.47,Rejected
745,19.96,0.47,Rejected
441,19.96,0.47,Rejected
2354,19.95,0.47,Rejected
2227,19.95,0.47,Rejected
2324,19.94,0.47,Rejected
2432,19.93,0.47,Rejected
2181,19.93,0.47,Rejected
107,19.93,0.47,Rejected
765,19.91,0.47,Rejected
771,19.91,0.47,Rejected
303,19.91,0.4,Rejected
1451,19.91,0.47,Rejected
2121,19.9,0.47,Rejected
1742,19.9,0.4,Rejected
2211,19.89,0.4,Rejected
1088,19.89,0.47,Rejected
2027,19.89,0.4,Rejected
1793,19.88,0.4,Rejected
2030,19.88,0.33,Rejected
2467,19.87,0.47,Rejected
1418,19.86,0.47,Rejected
2404,19.86,0.47,Rejected
1330,19.83,0.47,Rejected
1048,19.83,0.47,Rejected
436,19.83,0.47,Rejected
2097,19.83,0.47,Rejected
1686,19.82,0.47,Rejected
2177,19.81,0.47,Rejected
1502,19.81,0.4,Rejected
1442,19.8,0.47,Rejected
1366,19.8,0.47,Rejected
2059,19.79,0.47,Rejected
775,19.79,0.47,Rejected
2409,19.78,0.47,Rejected
661,19.77,0.47,Rejected
2119,19.76,0.47,Rejected
2229,19.75,0.4,Rejected
778,19.75,0.4,Rejected
1998,19.72,0.4,Rejected
237,19.72,0.47,Rejected
2157,19.71,0.47,Rejected
501,19.71,0.47,Rejected
1590,19.7,0.4,Rejected
1303,19.7,0.33,Rejected
262,19.7,0.4,Rejected
1074,19.7,0.47,Rejected
1383,19.68,0.47,Rejected
1308,19.68,0.4,Rejected
28,19.68,0.4,Rejected
429,19.68,0.47,Rejected
2049,19.67,0.47,Rejected
490,19.67,0.47,Rejected
1079,19.67,0.47,Rejected
2439,19.65,0.47,Rejected
1814,19.65,0.47,Rejected
129,19.64,0.4,Rejected
2160,19.64,0.47,Rejected
122,19.63,0.4,Rejected
81,19.61,0.4,Rejected
1016,19.61,0.4,Rejected
1743,19.59,0.47,Rejected
1417,19.59,0.47,Rejected
762,19.59,0.47,Rejected
751,19.58,0.4,Rejected
586,19.58,0.4,Rejected
865,19.58,0.4,Rejected
243,19.56,0.4,Rejected
1975,19.55,0.4,Rejected
1433,19.54,0.47,Rejected
887,19.53,0.4,Rejected
761,19.53,0.47,Rejected
834,19.52,0.47,Rejected
2099,19.52,0.4,Rejected
1697,19.52,0.47,Rejected
55,19.51,0.4,Rejected
1244,19.5,0.4,Rejected
2110,19.49,0.4,Rejected
270,19.49,0.4,Rejected
1943,19.49,0.4,Rejected
1398,19.48,0.47,Rejected
1660,19.48,0.47,Rejected
1635,19.47,0.4,Rejected
2472,19.46,0.47,Rejected
2422,19.46,0.4,Rejected
2088,19.46,0.47,Rejected
90,19.42,0.4,Rejected
739,19.41,0.47,Rejected
2154,19.41,0.47,Rejected
646,19.39,0.47,Rejected
1771,19.37,0.4,Rejected
716,19.36,0.4,Rejected
2095,19.36,0.47,Rejected
2336,19.36,0.47,Rejected
1480,19.33,0.4,Rejected
2383,19.32,0.4,Rejected
1789,19.31,0.33,Rejected
1413,19.29,0.47,Rejected
1868,19.26,0.47,Rejected
2459,19.23,0.47,Rejected
58,19.22,0.47,Rejected
747,19.21,0.4,Rejected
239,19.2,0.4,Rejected
2345,19.18,0.47,Rejected
2213,19.17,0.4,Rejected
938,19.17,0.47,Rejected
1455,19.16,0.4,Rejected
1211,19.14,0.4,Rejected
2400,19.13,0.4,Rejected
1783,19.12,0.4,Rejected
2,19.12,0.4,Rejected
120,19.11,0.4,Rejected
1807,19.09,0.47,Rejected
1903,19.09,0.47,Rejected
782,19.09,0.4,Rejected
2386,19.08,0.4,Rejected
925,19.08,0.4,Rejected
1009,19.07,0.47,Rejected
2014,19.06,0.4,Rejected
2104,19.04,0.4,Rejected
513,19.04,0.47,Rejected
797,19.03,0.4,Rejected
2051,19.01,0.4,Rejected
669,19.0,0.4,Rejected
793,19.0,0.47,Rejected
2216,18.99,0.4,Rejected
1204,18.98,0.4,Rejected
1659,18.95,0.4,Rejected
44,18.95,0.4,Rejected
1679,18.95,0.4,Rejected
604,18.92,0.4,Rejected
2143,18.92,0.4,Rejected
724,18.91,0.4,Rejected
1381,18.91,0.4,Rejected
1492,18.9,0.47,Rejected
231,18.9,0.4,Rejected
821,18.88,0.4,Rejected
7,18.86,0.4,Rejected
610,18.86,0.4,Rejected
1978,18.85,0.4,Rejected
1461,18.85,0.4,Rejected
558,18.83,0.4,Rejected
2206,18.83,0.4,Rejected
106,18.82,0.4,Rejected
1658,18.81,0.4,Rejected
109,18.81,0.4,Rejected
274,18.8,0.4,Rejected
1640,18.79,0.4,Rejected
779,18.79,0.4,Rejected
580,18.79,0.4,Rejected
1518,18.79,0.4,Rejected
1971,18.78,0.4,Rejected
1401,18.77,0.4,Rejected
1932,18.76,0.4,Rejected
2371,18.75,0.4,Rejected
1192,18.74,0.4,Rejected
200,18.74,0.4,Rejected
2125,18.73,0.4,Rejected
1599,18.72,0.4,Rejected
2256,18.71,0.4,Rejected
1240,18.7,0.4,Rejected
1158,18.7,0.4,Rejected
2304,18.68,0.4,Rejected
655,18.68,0.4,Rejected
1826,18.66,0.4,Rejected
142,18.65,0.4,Rejected
1588,18.64,0.4,Rejected
2020,18.64,0.33,Rejected
1756,18.64,0.33,Rejected
1263,18.64,0.33,Rejected
138,18.63,0.4,Rejected
773,18.62,0.4,Rejected
10,18.61,0.4,Rejected
2025,18.61,0.4,Rejected
1744,18.6,0.4,Rejected
1745,18.6,0.4,Rejected
574,18.6,0.4,Rejected
674,18.59,0.4,Rejected
2440,18.58,0.4,Rejected
997,18.58,0.4,Rejected
563,18.58,0.4,Rejected
212,18.58,0.4,Rejected
1668,18.57,0.4,Rejected
1688,18.56,0.4,Rejected
2374,18.56,0.4,Rejected
1006,18.56,0.4,Rejected
1331,18.55,0.4,Rejected
2249,18.54,0.4,Rejected
1419,18.54,0.4,Rejected
859,18.53,0.4,Rejected
113,18.52,0.4,Rejected
2132,18.5,0.4,Rejected
994,18.49,0.4,Rejected
1385,18.49,0.4,Rejected
1029,18.47,0.4,Rejected
211,18.47,0.4,Rejected
1076,18.46,0.4,Rejected
246,18.46,0.4,Rejected
1484,18.46,0.4,Rejected
1392,18.46,0.4,Rejected
1116,18.46,0.4,Rejected
907,18.46,0.4,Rejected
740,18.44,0.4,Rejected
1734,18.43,0.33,Rejected
47,18.43,0.4,Rejected
1735,18.43,0.4,Rejected
2193,18.42,0.4,Rejected
729,18.42,0.4,Rejected
1530,18.42,0.4,Rejected
1024,18.42,0.4,Rejected
1152,18.41,0.4,Rejected
1956,18.41,0.4,Rejected
1191,18.4,0.4,Rejected
1758,18.39,0.4,Rejected
671,18.38,0.4,Rejected
1437,18.37,0.4,Rejected
1713,18.36,0.4,Rejected
1265,18.36,0.4,Rejected
1965,18.35,0.4,Rejected
786,18.33,0.4,Rejected
2257,18.33,0.4,Rejected
2390,18.32,0.4,Rejected
2016,18.31,0.4,Rejected
167,18.31,0.4,Rejected
69,18.31,0.4,Rejected
186,18.3,0.4,Rejected
835,18.29,0.4,Rejected
566,18.28,0.4,Rejected
926,18.27,0.33,Rejected
1664,18.27,0.4,Rejected
688,18.27,0.4,Rejected
1288,18.26,0.4,Rejected
1001,18.26,0.4,Rejected
856,18.25,0.4,Rejected
626,18.25,0.4,Rejected
1073,18.24,0.4,Rejected
2187,18.24,0.4,Rejected
1889,18.23,0.4,Rejected
1487,18.22,0.4,Rejected
2173,18.22,0.4,Rejected
143,18.22,0.4,Rejected
235,18.2,0.4,Rejected
817,18.2,0.4,Rejected
145,18.19,0.4,Rejected
1505,18.19,0.4,Rejected
64,18.19,0.4,Rejected
2089,18.19,0.4,Rejected
2165,18.19,0.4,Rejected
2035,18.18,0.4,Rejected
1261,18.16,0.4,Rejected
1221,18.15,0.4,Rejected
1746,18.14,0.4,Rejected
2369,18.14,0.4,Rejected
1936,18.13,0.4,Rejected
2240,18.13,0.4,Rejected
473,18.13,0.4,Rejected
41,18.13,0.4,Rejected
15,18.12,0.4,Rejected
1428,18.12,0.4,Rejected
1214,18.11,0.4,Rejected
573,18.11,0.4,Rejected
1290,18.11,0.4,Rejected
1309,18.11,0.4,Rejected
2218,18.11,0.4,Rejected
549,18.11,0.4,Rejected
146,18.09,0.33,Rejected
92,18.09,0.4,Rejected
1822,18.09,0.4,Rejected
2274,18.08,0.4,Rejected
204,18.08,0.4,Rejected
2162,18.08,0.4,Rejected
564,18.08,0.4,Rejected
244,18.08,0.4,Rejected
654,18.07,0.4,Rejected
2022,18.07,0.4,Rejected
1043,18.07,0.4,Rejected
2082,18.06,0.4,Rejected
474,18.05,0.4,Rejected
2308,18.05,0.4,Rejected
555,18.05,0.4,Rejected
622,18.05,0.4,Rejected
1274,18.05,0.4,Rejected
1798,18.04,0.4,Rejected
606,18.04,0.4,Rejected
1215,18.03,0.4,Rejected
1766,18.03,0.33,Rejected
1066,18.02,0.4,Rejected
445,18.02,0.4,Rejected
1951,18.01,0.4,Rejected
668,18.01,0.4,Rejected
809,18.0,0.4,Rejected
1888,18.0,0.4,Rejected
1346,17.99,0.4,Rejected
39,17.99,0.4,Rejected
931,17.99,0.4,Rejected
1344,17.98,0.4,Rejected
842,17.98,0.4,Rejected
125,17.98,0.4,Rejected
571,17.97,0.4,Rejected
634,17.97,0.33,Rejected
1255,17.97,0.4,Rejected
969,17.96,0.4,Rejected
572,17.96,0.4,Rejected
2185,17.96,0.4,Rejected
1859,17.96,0.4,Rejected
2246,17.95,0.4,Rejected
1751,17.95,0.4,Rejected
1578,17.95,0.4,Rejected
1128,17.95,0.4,Rejected
1343,17.94,0.4,Rejected
251,17.94,0.4,Rejected
2203,17.92,0.4,Rejected
1611,17.92,0.4,Rejected
2412,17.92,0.4,Rejected
972,17.91,0.4,Rejected
2084,17.9,0.4,Rejected
2147,17.9,0.4,Rejected
1092,17.9,0.4,Rejected
1682,17.9,0.4,Rejected
1950,17.9,0.4,Rejected
1121,17.88,0.4,Rejected
1340,17.88,0.4,Rejected
991,17.88,0.4,Rejected
575,17.88,0.4,Rejected
679,17.88,0.4,Rejected
843,17.86,0.4,Rejected
1961,17.86,0.4,Rejected
723,17.86,0.4,Rejected
56,17.85,0.4,Rejected
1406,17.85,0.4,Rejected
1008,17.84,0.4,Rejected
536,17.84,0.4,Rejected
272,17.83,0.33,Rejected
2370,17.83,0.4,Rejected
623,17.82,0.4,Rejected
1618,17.81,0.4,Rejected
1656,17.81,0.4,Rejected
287,17.8,0.4,Rejected
485,17.8,0.4,Rejected
1691,17.8,0.4,Rejected
188,17.8,0.4,Rejected
1301,17.78,0.33,Rejected
313,17.77,0.4,Rejected
2116,17.77,0.4,Rejected
1207,17.76,0.4,Rejected
744,17.75,0.4,Rejected
2101,17.75,0.4,Rejected
1515,17.75,0.4,Rejected
1389,17.74,0.4,Rejected
726,17.74,0.4,Rejected
676,17.73,0.33,Rejected
2351,17.73,0.4,Rejected
252,17.72,0.4,Rejected
128,17.72,0.4,Rejected
1555,17.71,0.4,Rejected
136,17.7,0.4,Rejected
2384,17.69,0.4,Rejected
2300,17.66,0.4,Rejected
960,17.64,0.33,Rejected
1112,17.64,0.4,Rejected
1101,17.63,0.4,Rejected
898,17.63,0.4,Rejected
96,17.63,0.4,Rejected
1034,17.63,0.4,Rejected
894,17.62,0.4,Rejected
1286,17.6,0.4,Rejected
1497,17.6,0.4,Rejected
61,17.6,0.4,Rejected
562,17.59,0.4,Rejected
539,17.59,0.4,Rejected
1878,17.57,0.4,Rejected
1415,17.56,0.4,Rejected
155,17.56,0.4,Rejected
187,17.56,0.4,Rejected
772,17.56,0.4,Rejected
523,17.56,0.4,Rejected
33,17.55,0.4,Rejected
1716,17.55,0.4,Rejected
1087,17.55,0.4,Rejected
1526,17.54,0.33,Rejected
1648,17.54,0.4,Rejected
1491,17.54,0.4,Rejected
936,17.53,0.4,Rejected
171,17.53,0.33,Rejected
1093,17.53,0.4,Rejected
1271,17.53,0.4,Rejected
867,17.52,0.4,Rejected
247,17.51,0.4,Rejected
607,17.51,0.4,Rejected
553,17.5,0.4,Rejected
289,17.5,0.4,Rejected
2100,17.49,0.4,Rejected
2074,17.49,0.4,Rejected
1316,17.47,0.4,Rejected
924,17.47,0.4,Rejected
1382,17.46,0.4,Rejected
1649,17.45,0.4,Rejected
2311,17.45,0.4,Rejected
238,17.44,0.4,Rejected
2209,17.44,0.4,Rejected
2156,17.44,0.4,Rejected
1591,17.43,0.4,Rejected
273,17.43,0.4,Rejected
354,17.43,0.4,Rejected
1105,17.42,0.4,Rejected
1217,17.42,0.4,Rejected
637,17.42,0.4,Rejected
1003,17.41,0.4,Rejected
561,17.41,0.33,Rejected
881,17.39,0.4,Rejected
266,17.39,0.4,Rejected
488,17.38,0.4,Rejected
602,17.38,0.33,Rejected
848,17.38,0.4,Rejected
2078,17.37,0.4,Rejected
22,17.37,0.4,Rejected
1231,17.36,0.33,Rejected
1336,17.36,0.4,Rejected
427,17.36,0.4,Rejected
1748,17.33,0.4,Rejected
1940,17.33,0.4,Rejected
873,17.32,0.33,Rejected
352,17.32,0.4,Rejected
1705,17.32,0.4,Rejected
869,17.3,0.4,Rejected
1117,17.29,0.4,Rejected
1058,17.29,0.4,Rejected
2321,17.29,0.4,Rejected
1470,17.29,0.4,Rejected
1082,17.28,0.4,Rejected
1564,17.28,0.4,Rejected
500,17.28,0.4,Rejected
609,17.27,0.4,Rejected
2205,17.25,0.4,Rejected
2066,17.25,0.4,Rejected
2046,17.24,0.4,Rejected
414,17.21,0.4,Rejected
1819,17.19,0.4,Rejected
1877,17.18,0.4,Rejected
1349,17.17,0.33,Rejected
989,17.17,0.4,Rejected
1378,17.17,0.4,Rejected
911,17.16,0.33,Rejected
1148,17.15,0.4,Rejected
11,17.15,0.4,Rejected
1332,17.15,0.4,Rejected
2011,17.14,0.33,Rejected
768,17.14,0.4,Rejected
1994,17.13,0.4,Rejected
454,17.13,0.4,Rejected
1776,17.12,0.4,Rejected
1927,17.12,0.4,Rejected
1256,17.12,0.4,Rejected
179,17.11,0.33,Rejected
1376,17.11,0.4,Rejected
210,17.11,0.33,Rejected
396,17.11,0.4,Rejected
1879,17.1,0.4,Rejected
2265,17.1,0.4,Rejected
370,17.1,0.4,Rejected
278,17.09,0.33,Rejected
2378,17.08,0.4,Rejected
1929,17.08,0.4,Rejected
453,17.08,0.4,Rejected
124,17.08,0.33,Rejected
670,17.07,0.4,Rejected
2063,17.06,0.4,Rejected
550,17.06,0.4,Rejected
812,17.05,0.4,Rejected
2401,17.05,0.4,Rejected
1408,17.05,0.4,Rejected
351,17.04,0.4,Rejected
1324,17.04,0.4,Rejected
1631,17.04,0.33,Rejected
2198,17.04,0.4,Rejected
2428,17.04,0.4,Rejected
860,17.04,0.33,Rejected
1606,17.02,0.4,Rejected
896,17.02,0.4,Rejected
242,17.01,0.33,Rejected
2113,17.0,0.4,Rejected
1805,17.0,0.33,Rejected
1391,17.0,0.4,Rejected
1397,16.99,0.4,Rejected
1629,16.99,0.4,Rejected
2325,16.98,0.4,Rejected
1246,16.98,0.33,Rejected
718,16.98,0.4,Rejected
2306,16.97,0.4,Rejected
1423,16.97,0.4,Rejected
1827,16.97,0.4,Rejected
486,16.96,0.4,Rejected
2226,16.95,0.33,Rejected
2043,16.95,0.4,Rejected
767,16.95,0.4,Rejected
2391,16.93,0.4,Rejected
1078,16.92,0.4,Rejected
728,16.92,0.33,Rejected
2403,16.9,0.33,Rejected
657,16.9,0.4,Rejected
506,16.9,0.4,Rejected
93,16.9,0.4,Rejected
1646,16.89,0.4,Rejected
1427,16.88,0.4,Rejected
2312,16.88,0.4,Rejected
1056,16.88,0.4,Rejected
502,16.87,0.4,Rejected
1817,16.87,0.4,Rejected
1987,16.86,0.4,Rejected
750,16.86,0.4,Rejected
1464,16.85,0.4,Rejected
829,16.85,0.4,Rejected
769,16.85,0.4,Rejected
1999,16.84,0.4,Rejected
705,16.84,0.4,Rejected
1421,16.84,0.4,Rejected
2353,16.83,0.4,Rejected
665,16.83,0.4,Rejected
2054,16.82,0.4,Rejected
1136,16.81,0.27,Rejected
2019,16.8,0.33,Rejected
784,16.8,0.4,Rejected
1616,16.79,0.33,Rejected
402,16.79,0.4,Rejected
986,16.79,0.4,Rejected
2109,16.79,0.4,Rejected
1108,16.78,0.4,Rejected
708,16.77,0.4,Rejected
1094,16.76,0.4,Rejected
2481,16.76,0.4,Rejected
1212,16.76,0.4,Rejected
1351,16.76,0.4,Rejected
737,16.75,0.4,Rejected
810,16.75,0.4,Rejected
557,16.75,0.4,Rejected
325,16.74,0.33,Rejected
717,16.73,0.33,Rejected
2038,16.73,0.4,Rejected
449,16.73,0.4,Rejected
382,16.73,0.4,Rejected
545,16.72,0.4,Rejected
483,16.71,0.33,Rejected
1054,16.7,0.4,Rejected
943,16.7,0.4,Rejected
891,16.69,0.33,Rejected
1565,16.68,0.33,Rejected
1644,16.67,0.4,Rejected
1824,16.67,0.4,Rejected
1302,16.66,0.4,Rejected
176,16.66,0.33,Rejected
470,16.65,0.4,Rejected
993,16.65,0.4,Rejected
1981,16.65,0.4,Rejected
732,16.65,0.4,Rejected
1499,16.65,0.33,Rejected
1551,16.64,0.4,Rejected
1957,16.64,0.33,Rejected
189,16.63,0.33,Rejected
1719,16.62,0.33,Rejected
1000,16.62,0.4,Rejected
1209,16.62,0.4,Rejected
300,16.62,0.33,Rejected
615,16.61,0.33,Rejected
862,16.6,0.4,Rejected
2379,16.6,0.4,Rejected
795,16.59,0.4,Rejected
2471,16.59,0.4,Rejected
1670,16.58,0.4,Rejected
1243,16.58,0.4,Rejected
1561,16.58,0.4,Rejected
511,16.58,0.4,Rejected
764,16.57,0.4,Rejected
476,16.57,0.33,Rejected
1129,16.57,0.4,Rejected
203,16.56,0.33,Rejected
886,16.56,0.4,Rejected
1021,16.54,0.4,Rejected
1227,16.53,0.33,Rejected
1633,16.53,0.4,Rejected
2331,16.53,0.4,Rejected
546,16.53,0.4,Rejected
756,16.53,0.33,Rejected
2266,16.51,0.33,Rejected
697,16.51,0.33,Rejected
1028,16.51,0.4,Rejected
1466,16.5,0.4,Rejected
551,16.49,0.4,Rejected
105,16.49,0.4,Rejected
791,16.48,0.4,Rejected
2326,16.48,0.33,Rejected
1875,16.47,0.4,Rejected
1352,16.46,0.33,Rejected
221,16.44,0.33,Rejected
2464,16.43,0.33,Rejected
682,16.43,0.33,Rejected
1160,16.41,0.4,Rejected
832,16.39,0.4,Rejected
1986,16.39,0.27,Rejected
1130,16.38,0.33,Rejected
1586,16.38,0.33,Rejected
685,16.38,0.4,Rejected
1317,16.37,0.33,Rejected
851,16.37,0.33,Rejected
1388,16.35,0.33,Rejected
1198,16.34,0.33,Rejected
783,16.34,0.4,Rejected
2048,16.34,0.4,Rejected
51,16.33,0.33,Rejected
2389,16.31,0.4,Rejected
683,16.28,0.4,Rejected
1554,16.28,0.33,Rejected
172,16.23,0.33,Rejected
63,16.21,0.33,Rejected
2272,16.2,0.4,Rejected
699,16.19,0.33,Rejected
1452,16.19,0.33,Rejected
2217,16.17,0.33,Rejected
2332,16.14,0.33,Rejected
830,16.13,0.33,Rejected
1270,16.13,0.33,Rejected
565,16.13,0.33,Rejected
914,16.12,0.33,Rejected
425,16.11,0.4,Rejected
12,16.1,0.33,Rejected
1115,16.09,0.33,Rejected
54,16.08,0.33,Rejected
2184,16.07,0.33,Rejected
2179,16.06,0.33,Rejected
1053,16.05,0.33,Rejected
25,16.04,0.33,Rejected
1531,16.01,0.33,Rejected
2447,16.01,0.33,Rejected
1612,16.01,0.33,Rejected
139,15.99,0.33,Rejected
192,15.99,0.33,Rejected
162,15.98,0.33,Rejected
1856,15.98,0.33,Rejected
1194,15.97,0.33,Rejected
1963,15.96,0.33,Rejected
2292,15.95,0.33,Rejected
1015,15.95,0.33,Rejected
673,15.95,0.33,Rejected
1071,15.95,0.33,Rejected
951,15.92,0.33,Rejected
36,15.92,0.33,Rejected
2364,15.91,0.33,Rejected
1171,15.91,0.33,Rejected
79,15.89,0.33,Rejected
1353,15.87,0.33,Rejected
693,15.87,0.33,Rejected
1962,15.86,0.33,Rejected
980,15.86,0.33,Rejected
2398,15.84,0.33,Rejected
16,15.84,0.33,Rejected
461,15.81,0.33,Rejected
2373,15.8,0.33,Rejected
1147,15.79,0.33,Rejected
2201,15.78,0.27,Rejected
2237,15.78,0.33,Rejected
578,15.77,0.33,Rejected
1062,15.77,0.33,Rejected
2316,15.77,0.33,Rejected
1885,15.75,0.33,Rejected
35,15.75,0.33,Rejected
743,15.71,0.33,Rejected
1097,15.7,0.33,Rejected
1919,15.69,0.33,Rejected
1643,15.68,0.33,Rejected
1552,15.68,0.33,Rejected
1937,15.68,0.33,Rejected
2071,15.68,0.33,Rejected
1645,15.67,0.33,Rejected
2060,15.66,0.33,Rejected
2318,15.66,0.33,Rejected
559,15.63,0.33,Rejected
4,15.62,0.33,Rejected
752,15.62,0.33,Rejected
1906,15.59,0.33,Rejected
2298,15.58,0.33,Rejected
86,15.57,0.33,Rejected
1613,15.55,0.33,Rejected
2329,15.55,0.33,Rejected
1210,15.55,0.33,Rejected
805,15.55,0.33,Rejected
434,15.54,0.33,Rejected
37,15.53,0.33,Rejected
2482,15.53,0.33,Rejected
2208,15.52,0.33,Rejected
2170,15.52,0.33,Rejected
1669,15.52,0.33,Rejected
1901,15.51,0.33,Rejected
1478,15.51,0.33,Rejected
1372,15.49,0.33,Rejected
1422,15.48,0.33,Rejected
84,15.48,0.33,Rejected
1179,15.47,0.33,Rejected
2144,15.46,0.33,Rejected
1106,15.46,0.33,Rejected
663,15.46,0.33,Rejected
1295,15.46,0.33,Rejected
734,15.45,0.33,Rejected
2194,15.45,0.33,Rejected
392,15.44,0.33,Rejected
760,15.44,0.33,Rejected
1545,15.44,0.33,Rejected
1964,15.44,0.27,Rejected
621,15.43,0.33,Rejected
2067,15.42,0.33,Rejected
2070,15.42,0.33,Rejected
1534,15.42,0.33,Rejected
514,15.41,0.33,Rejected
2159,15.4,0.33,Rejected
2247,15.4,0.33,Rejected
1673,15.39,0.33,Rejected
2024,15.38,0.33,Rejected
1031,15.38,0.33,Rejected
1420,15.37,0.33,Rejected
20,15.35,0.33,Rejected
827,15.35,0.33,Rejected
1908,15.34,0.33,Rejected
2255,15.34,0.33,Rejected
2360,15.34,0.33,Rejected
710,15.32,0.33,Rejected
1732,15.32,0.33,Rejected
711,15.32,0.33,Rejected
2477,15.31,0.33,Rejected
1118,15.31,0.33,Rejected
2382,15.29,0.33,Rejected
1973,15.29,0.33,Rejected
1655,15.29,0.33,Rejected
541,15.28,0.33,Rejected
2299,15.28,0.33,Rejected
712,15.28,0.33,Rejected
1374,15.27,0.33,Rejected
468,15.27,0.33,Rejected
1778,15.27,0.33,Rejected
1870,15.27,0.33,Rejected
498,15.27,0.33,Rejected
2356,15.27,0.33,Rejected
2174,15.26,0.33,Rejected
2037,15.26,0.33,Rejected
992,15.26,0.33,Rejected
1063,15.25,0.33,Rejected
932,15.24,0.33,Rejected
1469,15.24,0.33,Rejected
537,15.24,0.33,Rejected
2450,15.24,0.33,Rejected
831,15.24,0.33,Rejected
410,15.24,0.33,Rejected
5,15.23,0.33,Rejected
1902,15.23,0.33,Rejected
1521,15.23,0.33,Rejected
2281,15.22,0.33,Rejected
1680,15.22,0.33,Rejected
759,15.22,0.33,Rejected
492,15.21,0.33,Rejected
1103,15.21,0.33,Rejected
1553,15.21,0.33,Rejected
1678,15.2,0.33,Rejected
1752,15.2,0.33,Rejected
1197,15.2,0.33,Rejected
1236,15.19,0.33,Rejected
446,15.19,0.33,Rejected
957,15.19,0.33,Rejected
1483,15.19,0.33,Rejected
790,15.17,0.33,Rejected
475,15.17,0.33,Rejected
2452,15.17,0.33,Rejected
2468,15.17,0.33,Rejected
1642,15.17,0.33,Rejected
2305,15.16,0.33,Rejected
1506,15.16,0.33,Rejected
2145,15.16,0.33,Rejected
46,15.15,0.33,Rejected
1403,15.15,0.33,Rejected
88,15.15,0.33,Rejected
1233,15.14,0.33,Rejected
908,15.13,0.33,Rejected
659,15.11,0.33,Rejected
647,15.11,0.33,Rejected
1958,15.1,0.33,Rejected
2131,15.1,0.33,Rejected
635,15.09,0.33,Rejected
515,15.09,0.33,Rejected
6,15.08,0.33,Rejected
459,15.07,0.33,Rejected
1598,15.07,0.33,Rejected
2245,15.06,0.33,Rejected
71,15.06,0.27,Rejected
1869,15.04,0.33,Rejected
730,15.04,0.33,Rejected
2164,15.03,0.33,Rejected
2056,15.03,0.33,Rejected
1208,15.03,0.33,Rejected
26,15.03,0.33,Rejected
1144,15.02,0.33,Rejected
1080,15.02,0.33,Rejected
1777,15.01,0.33,Rejected
484,15.01,0.33,Rejected
1592,15.0,0.33,Rejected
2106,14.99,0.33,Rejected
1299,14.99,0.33,Rejected
404,14.98,0.33,Rejected
245,14.96,0.33,Rejected
2429,14.95,0.33,Rejected
121,14.95,0.33,Rejected
2413,14.95,0.33,Rejected
1568,14.94,0.33,Rejected
802,14.94,0.33,Rejected
1447,14.94,0.33,Rejected
879,14.93,0.33,Rejected
763,14.93,0.33,Rejected
577,14.92,0.33,Rejected
2454,14.91,0.33,Rejected
1587,14.91,0.33,Rejected
2005,14.91,0.33,Rejected
985,14.9,0.33,Rejected
590,14.9,0.33,Rejected
935,14.89,0.33,Rejected
29,14.89,0.33,Rejected
582,14.89,0.33,Rejected
24,14.89,0.33,Rejected
1050,14.88,0.33,Rejected
652,14.88,0.33,Rejected
216,14.88,0.33,Rejected
567,14.87,0.33,Rejected
74,14.87,0.33,Rejected
2449,14.87,0.33,Rejected
1925,14.87,0.33,Rejected
877,14.87,0.33,Rejected
1718,14.87,0.27,Rejected
141,14.86,0.33,Rejected
1527,14.86,0.33,Rejected
2098,14.86,0.33,Rejected
1796,14.86,0.33,Rejected
1230,14.86,0.33,Rejected
433,14.84,0.33,Rejected
722,14.84,0.33,Rejected
691,14.84,0.33,Rejected
964,14.84,0.33,Rejected
384,14.83,0.33,Rejected
1792,14.82,0.33,Rejected
1729,14.82,0.27,Rejected
1038,14.82,0.33,Rejected
2283,14.81,0.33,Rejected
1235,14.81,0.33,Rejected
1739,14.8,0.33,Rejected
814,14.8,0.33,Rejected
1945,14.79,0.33,Rejected
1342,14.79,0.33,Rejected
1579,14.78,0.33,Rejected
2117,14.78,0.33,Rejected
1858,14.78,0.33,Rejected
456,14.77,0.33,Rejected
478,14.76,0.33,Rejected
2347,14.76,0.33,Rejected
1055,14.76,0.33,Rejected
2231,14.76,0.27,Rejected
1573,14.75,0.33,Rejected
371,14.75,0.33,Rejected
777,14.75,0.33,Rejected
1795,14.75,0.33,Rejected
2456,14.74,0.33,Rejected
653,14.73,0.33,Rejected
1438,14.73,0.33,Rejected
1566,14.73,0.33,Rejected
1740,14.73,0.33,Rejected
1140,14.72,0.33,Rejected
1199,14.72,0.33,Rejected
1953,14.71,0.33,Rejected
1219,14.71,0.33,Rejected
1070,14.71,0.33,Rejected
477,14.71,0.33,Rejected
758,14.71,0.33,Rejected
75,14.7,0.33,Rejected
2108,14.7,0.33,Rejected
34,14.7,0.33,Rejected
715,14.69,0.33,Rejected
868,14.68,0.33,Rejected
633,14.68,0.27,Rejected
1292,14.68,0.33,Rejected
344,14.68,0.33,Rejected
2244,14.67,0.33,Rejected
1291,14.67,0.33,Rejected
519,14.67,0.33,Rejected
1833,14.66,0.33,Rejected
32,14.65,0.33,Rejected
1057,14.64,0.33,Rejected
748,14.63,0.33,Rejected
1123,14.62,0.33,Rejected
624,14.62,0.33,Rejected
644,14.6,0.33,Rejected
1537,14.6,0.33,Rejected
1900,14.6,0.33,Rejected
491,14.6,0.33,Rejected
554,14.6,0.33,Rejected
2248,14.58,0.33,Rejected
1110,14.58,0.33,Rejected
2141,14.58,0.33,Rejected
1481,14.57,0.33,Rejected
1044,14.57,0.33,Rejected
823,14.57,0.33,Rejected
1842,14.57,0.33,Rejected
1614,14.55,0.33,Rejected
1025,14.55,0.33,Rejected
1995,14.55,0.33,Rejected
13,14.55,0.33,Rejected
1512,14.53,0.33,Rejected
1439,14.52,0.33,Rejected
1828,14.52,0.33,Rejected
2151,14.51,0.33,Rejected
2090,14.5,0.33,Rejected
385,14.5,0.33,Rejected
70,14.49,0.27,Rejected
1583,14.49,0.33,Rejected
1436,14.49,0.33,Rejected
776,14.49,0.33,Rejected
542,14.48,0.27,Rejected
482,14.47,0.33,Rejected
725,14.47,0.33,Rejected
1321,14.47,0.33,Rejected
961,14.46,0.33,Rejected
742,14.46,0.33,Rejected
1585,14.46,0.33,Rejected
836,14.46,0.33,Rejected
2197,14.44,0.33,Rejected
467,14.44,0.33,Rejected
849,14.43,0.33,Rejected
2359,14.43,0.33,Rejected
2253,14.43,0.33,Rejected
14,14.43,0.33,Rejected
1314,14.41,0.33,Rejected
815,14.4,0.33,Rejected
1894,14.4,0.33,Rejected
393,14.39,0.33,Rejected
1250,14.39,0.33,Rejected
1861,14.38,0.33,Rejected
1162,14.37,0.33,Rejected
946,14.37,0.33,Rejected
2355,14.37,0.33,Rejected
801,14.37,0.33,Rejected
899,14.36,0.33,Rejected
164,14.35,0.27,Rejected
52,14.35,0.33,Rejected
1334,14.35,0.33,Rejected
440,14.35,0.33,Rejected
1298,14.34,0.33,Rejected
465,14.34,0.33,Rejected
496,14.34,0.33,Rejected
803,14.34,0.33,Rejected
1663,14.33,0.33,Rejected
2130,14.33,0.33,Rejected
1183,14.33,0.33,Rejected
1603,14.33,0.33,Rejected
686,14.33,0.33,Rejected
1849,14.31,0.33,Rejected
1064,14.3,0.33,Rejected
1285,14.3,0.33,Rejected
2380,14.29,0.33,Rejected
1959,14.29,0.33,Rejected
629,14.29,0.33,Rejected
83,14.29,0.33,Rejected
2327,14.28,0.27,Rejected
837,14.28,0.33,Rejected
460,14.28,0.33,Rejected
2466,14.27,0.33,Rejected
530,14.26,0.33,Rejected
27,14.25,0.33,Rejected
193,14.24,0.33,Rejected
875,14.24,0.33,Rejected
1060,14.24,0.33,Rejected
1096,14.23,0.33,Rejected
818,14.23,0.33,Rejected
2207,14.23,0.33,Rejected
2376,14.22,0.33,Rejected
1174,14.21,0.33,Rejected
757,14.21,0.33,Rejected
2139,14.21,0.33,Rejected
1617,14.2,0.33,Rejected
1432,14.2,0.33,Rejected
594,14.2,0.33,Rejected
1589,14.19,0.33,Rejected
2278,14.19,0.33,Rejected
345,14.19,0.33,Rejected
1395,14.18,0.33,Rejected
883,14.18,0.33,Rejected
1723,14.17,0.33,Rejected
893,14.16,0.33,Rejected
1430,14.16,0.33,Rejected
1781,14.16,0.2,Rejected
1548,14.16,0.33,Rejected
1916,14.16,0.33,Rejected
275,14.16,0.33,Rejected
62,14.15,0.27,Rejected
361,14.15,0.33,Rejected
2175,14.15,0.33,Rejected
589,14.13,0.33,Rejected
207,14.13,0.33,Rejected
1717,14.13,0.27,Rejected
2069,14.13,0.33,Rejected
407,14.12,0.33,Rejected
1522,14.12,0.27,Rejected
1287,14.12,0.33,Rejected
920,14.12,0.33,Rejected
910,14.1,0.27,Rejected
1362,14.1,0.33,Rejected
548,14.09,0.33,Rejected
1830,14.09,0.33,Rejected
658,14.09,0.33,Rejected
100,14.08,0.33,Rejected
978,14.08,0.33,Rejected
1567,14.08,0.33,Rejected
1350,14.07,0.33,Rejected
902,14.07,0.33,Rejected
934,14.07,0.33,Rejected
255,14.05,0.33,Rejected
2291,14.04,0.33,Rejected
2268,14.04,0.33,Rejected
1773,14.01,0.33,Rejected
955,14.0,0.27,Rejected
2387,13.99,0.33,Rejected
1874,13.98,0.33,Rejected
2018,13.98,0.27,Rejected
1666,13.97,0.33,Rejected
612,13.95,0.33,Rejected
1045,13.95,0.27,Rejected
713,13.94,0.33,Rejected
1358,13.93,0.33,Rejected
2411,13.92,0.33,Rejected
1782,13.91,0.27,Rejected
48,13.9,0.27,Rejected
292,13.9,0.33,Rejected
2269,13.89,0.33,Rejected
847,13.89,0.33,Rejected
462,13.89,0.33,Rejected
1017,13.88,0.27,Rejected
257,13.88,0.27,Rejected
1226,13.87,0.27,Rejected
2058,13.85,0.33,Rejected
1918,13.85,0.33,Rejected
2172,13.83,0.33,Rejected
386,13.83,0.2,Rejected
8,13.82,0.33,Rejected
2180,13.81,0.33,Rejected
1887,13.81,0.33,Rejected
2282,13.79,0.33,Rejected
1225,13.77,0.33,Rejected
1411,13.76,0.33,Rejected
1542,13.75,0.33,Rejected
2408,13.73,0.33,Rejected
584,13.73,0.27,Rejected
363,13.72,0.33,Rejected
1514,13.71,0.33,Rejected
2416,13.7,0.33,Rejected
1607,13.69,0.33,Rejected
157,13.68,0.27,Rejected
1479,13.68,0.27,Rejected
507,13.67,0.27,Rejected
277,13.66,0.27,Rejected
1234,13.65,0.27,Rejected
1549,13.64,0.27,Rejected
1992,13.62,0.27,Rejected
534,13.59,0.33,Rejected
1550,13.59,0.27,Rejected
1375,13.59,0.33,Rejected
1496,13.58,0.27,Rejected
807,13.58,0.33,Rejected
857,13.58,0.33,Rejected
2323,13.57,0.33,Rejected
595,13.55,0.27,Rejected
2470,13.51,0.27,Rejected
1141,13.45,0.27,Rejected
2357,13.45,0.27,Rejected
1811,13.44,0.33,Rejected
495,13.44,0.27,Rejected
592,13.44,0.27,Rejected
2223,13.43,0.27,Rejected
1133,13.42,0.27,Rejected
2150,13.41,0.27,Rejected
949,13.39,0.27,Rejected
2473,13.39,0.27,Rejected
2094,13.33,0.33,Rejected
642,13.29,0.27,Rejected
1114,13.23,0.27,Rejected
1523,13.22,0.27,Rejected
2261,13.22,0.27,Rejected
709,13.22,0.27,Rejected
1926,13.21,0.27,Rejected
2079,13.19,0.27,Rejected
76,13.19,0.27,Rejected
579,13.17,0.27,Rejected
630,13.17,0.27,Rejected
53,13.17,0.27,Rejected
98,13.16,0.27,Rejected
1676,13.15,0.27,Rejected
640,13.14,0.27,Rejected
585,13.14,0.27,Rejected
720,13.14,0.27,Rejected
2013,13.13,0.27,Rejected
85,13.13,0.27,Rejected
2330,13.12,0.27,Rejected
613,13.1,0.27,Rejected
1934,13.1,0.27,Rejected
49,13.07,0.27,Rejected
2122,13.07,0.27,Rejected
1036,13.06,0.27,Rejected
1984,13.06,0.27,Rejected
1052,13.05,0.27,Rejected
909,13.05,0.27,Rejected
2322,13.04,0.27,Rejected
1560,13.03,0.27,Rejected
839,13.02,0.27,Rejected
1784,13.01,0.27,Rejected
1348,12.99,0.27,Rejected
1988,12.99,0.27,Rejected
853,12.96,0.27,Rejected
362,12.93,0.27,Rejected
219,12.91,0.27,Rejected
397,12.91,0.27,Rejected
2455,12.89,0.27,Rejected
1132,12.88,0.27,Rejected
150,12.87,0.27,Rejected
1974,12.86,0.27,Rejected
1702,12.86,0.27,Rejected
1035,12.85,0.27,Rejected
2337,12.84,0.27,Rejected
694,12.82,0.27,Rejected
1014,12.82,0.27,Rejected
2149,12.81,0.27,Rejected
569,12.8,0.27,Rejected
1429,12.77,0.27,Rejected
450,12.77,0.27,Rejected
383,12.77,0.27,Rejected
323,12.76,0.27,Rejected
324,12.76,0.27,Rejected
2251,12.75,0.27,Rejected
1500,12.74,0.27,Rejected
72,12.74,0.27,Rejected
974,12.71,0.27,Rejected
1175,12.71,0.27,Rejected
1890,12.71,0.27,Rejected
1726,12.7,0.27,Rejected
57,12.7,0.27,Rejected
1839,12.7,0.27,Rejected
1601,12.68,0.27,Rejected
269,12.67,0.27,Rejected
227,12.67,0.27,Rejected
1711,12.66,0.27,Rejected
1237,12.65,0.27,Rejected
1393,12.64,0.27,Rejected
285,12.63,0.27,Rejected
2146,12.61,0.27,Rejected
1886,12.61,0.27,Rejected
884,12.6,0.27,Rejected
1865,12.6,0.27,Rejected
1582,12.59,0.27,Rejected
1949,12.59,0.27,Rejected
641,12.58,0.27,Rejected
2262,12.58,0.27,Rejected
2127,12.55,0.27,Rejected
117,12.55,0.27,Rejected
648,12.54,0.27,Rejected
2280,12.53,0.27,Rejected
1675,12.52,0.27,Rejected
804,12.49,0.27,Rejected
649,12.49,0.27,Rejected
2044,12.46,0.27,Rejected
333,12.46,0.27,Rejected
1912,12.46,0.27,Rejected
780,12.45,0.27,Rejected
329,12.44,0.27,Rejected
2296,12.43,0.27,Rejected
68,12.43,0.27,Rejected
1621,12.43,0.27,Rejected
1650,12.42,0.27,Rejected
1569,12.42,0.27,Rejected
741,12.42,0.27,Rejected
825,12.41,0.27,Rejected
841,12.39,0.27,Rejected
1305,12.38,0.27,Rejected
800,12.38,0.27,Rejected
1206,12.37,0.27,Rejected
1059,12.36,0.27,Rejected
1149,12.33,0.27,Rejected
104,12.33,0.27,Rejected
850,12.33,0.27,Rejected
480,12.33,0.27,Rejected
1122,12.33,0.27,Rejected
2028,12.32,0.27,Rejected
794,12.32,0.27,Rejected
1519,12.3,0.27,Rejected
1513,12.3,0.27,Rejected
2361,12.29,0.27,Rejected
1311,12.29,0.27,Rejected
1407,12.28,0.27,Rejected
479,12.28,0.27,Rejected
1821,12.28,0.27,Rejected
2055,12.28,0.27,Rejected
1808,12.28,0.27,Rejected
889,12.27,0.27,Rejected
874,12.27,0.27,Rejected
1604,12.27,0.27,Rejected
1557,12.27,0.27,Rejected
448,12.26,0.27,Rejected
1570,12.25,0.27,Rejected
1182,12.25,0.27,Rejected
21,12.24,0.27,Rejected
2232,12.23,0.27,Rejected
1535,12.22,0.27,Rejected
399,12.21,0.27,Rejected
524,12.21,0.27,Rejected
2167,12.21,0.27,Rejected
1854,12.2,0.27,Rejected
1472,12.19,0.27,Rejected
1293,12.18,0.27,Rejected
1368,12.18,0.27,Rejected
1313,12.18,0.27,Rejected
1248,12.18,0.2,Rejected
2006,12.18,0.27,Rejected
1692,12.16,0.2,Rejected
939,12.16,0.27,Rejected
2427,12.16,0.27,Rejected
2040,12.16,0.27,Rejected
181,12.15,0.2,Rejected
556,12.14,0.27,Rejected
1268,12.14,0.27,Rejected
1473,12.12,0.27,Rejected
1377,12.12,0.27,Rejected
1069,12.12,0.27,Rejected
587,12.12,0.27,Rejected
1503,12.12,0.27,Rejected
1275,12.12,0.27,Rejected
60,12.12,0.27,Rejected
1983,12.11,0.2,Rejected
2239,12.11,0.27,Rejected
1269,12.1,0.27,Rejected
1844,12.1,0.27,Rejected
1020,12.1,0.27,Rejected
922,12.09,0.27,Rejected
1488,12.06,0.27,Rejected
1026,12.06,0.27,Rejected
504,12.06,0.27,Rejected
1715,12.06,0.27,Rejected
2302,12.05,0.27,Rejected
1013,12.05,0.27,Rejected
346,12.05,0.27,Rejected
971,12.04,0.27,Rejected
398,12.04,0.27,Rejected
1504,12.04,0.27,Rejected
1556,12.04,0.27,Rejected
416,12.03,0.27,Rejected
2112,12.03,0.27,Rejected
1770,12.02,0.27,Rejected
1706,12.02,0.27,Rejected
1458,12.01,0.27,Rejected
1851,12.01,0.27,Rejected
1909,12.0,0.27,Rejected
603,11.99,0.27,Rejected
1921,11.99,0.27,Rejected
134,11.98,0.27,Rejected
2315,11.98,0.27,Rejected
1072,11.98,0.27,Rejected
2352,11.98,0.27,Rejected
840,11.98,0.27,Rejected
2301,11.98,0.27,Rejected
2148,11.97,0.27,Rejected
982,11.97,0.27,Rejected
103,11.97,0.27,Rejected
1200,11.94,0.27,Rejected
1727,11.93,0.27,Rejected
1576,11.93,0.27,Rejected
1019,11.93,0.27,Rejected
1501,11.92,0.27,Rejected
2372,11.92,0.27,Rejected
42,11.91,0.27,Rejected
1528,11.91,0.27,Rejected
2437,11.91,0.27,Rejected
1905,11.9,0.27,Rejected
1547,11.9,0.27,Rejected
1205,11.89,0.27,Rejected
417,11.89,0.27,Rejected
114,11.88,0.27,Rejected
733,11.86,0.2,Rejected
1345,11.86,0.27,Rejected
678,11.85,0.27,Rejected
900,11.85,0.27,Rejected
816,11.85,0.27,Rejected
394,11.84,0.27,Rejected
1866,11.84,0.27,Rejected
876,11.84,0.27,Rejected
1864,11.84,0.27,Rejected
888,11.84,0.27,Rejected
2442,11.84,0.27,Rejected
2120,11.83,0.27,Rejected
1329,11.83,0.27,Rejected
1471,11.83,0.27,Rejected
170,11.82,0.27,Rejected
50,11.82,0.27,Rejected
798,11.81,0.27,Rejected
115,11.81,0.27,Rejected
1203,11.8,0.27,Rejected
901,11.79,0.27,Rejected
2279,11.78,0.27,Rejected
2297,11.78,0.27,Rejected
1876,11.78,0.27,Rejected
2406,11.77,0.27,Rejected
2068,11.77,0.27,Rejected
1510,11.77,0.27,Rejected
2047,11.76,0.27,Rejected
1914,11.76,0.27,Rejected
1816,11.75,0.27,Rejected
1090,11.74,0.27,Rejected
437,11.74,0.27,Rejected
1493,11.72,0.27,Rejected
1012,11.71,0.27,Rejected
1459,11.71,0.27,Rejected
378,11.71,0.27,Rejected
1170,11.7,0.27,Rejected
2286,11.7,0.27,Rejected
1354,11.7,0.27,Rejected
666,11.69,0.2,Rejected
2065,11.69,0.27,Rejected
419,11.69,0.27,Rejected
1863,11.68,0.2,Rejected
2126,11.68,0.27,Rejected
1913,11.68,0.27,Rejected
1845,11.67,0.27,Rejected
1277,11.67,0.27,Rejected
1046,11.66,0.27,Rejected
2114,11.65,0.27,Rejected
1786,11.65,0.27,Rejected
1450,11.64,0.27,Rejected
1654,11.64,0.27,Rejected
1907,11.63,0.27,Rejected
1662,11.63,0.27,Rejected
965,11.62,0.27,Rejected
342,11.62,0.27,Rejected
1339,11.61,0.2,Rejected
2254,11.6,0.27,Rejected
2075,11.6,0.27,Rejected
464,11.6,0.27,Rejected
650,11.6,0.27,Rejected
307,11.6,0.27,Rejected
2405,11.59,0.27,Rejected
828,11.59,0.27,Rejected
1357,11.58,0.27,Rejected
2303,11.58,0.27,Rejected
1923,11.57,0.27,Rejected
1462,11.56,0.27,Rejected
1872,11.55,0.27,Rejected
338,11.54,0.27,Rejected
1498,11.54,0.27,Rejected
1276,11.53,0.27,Rejected
1267,11.53,0.27,Rejected
1820,11.53,0.27,Rejected
2036,11.52,0.27,Rejected
2314,11.52,0.27,Rejected
1399,11.52,0.27,Rejected
1769,11.51,0.27,Rejected
2052,11.51,0.2,Rejected
616,11.51,0.27,Rejected
2264,11.5,0.27,Rejected
1831,11.48,0.27,Rejected
1620,11.48,0.27,Rejected
696,11.47,0.27,Rejected
2285,11.47,0.27,Rejected
727,11.45,0.27,Rejected
1536,11.45,0.27,Rejected
1825,11.45,0.27,Rejected
2259,11.44,0.27,Rejected
1241,11.43,0.27,Rejected
3,11.42,0.27,Rejected
692,11.42,0.27,Rejected
101,11.4,0.27,Rejected
1938,11.39,0.2,Rejected
698,11.38,0.27,Rejected
503,11.37,0.27,Rejected
1032,11.36,0.27,Rejected
2214,11.36,0.2,Rejected
1126,11.36,0.27,Rejected
350,11.35,0.27,Rejected
2133,11.35,0.27,Rejected
133,11.35,0.27,Rejected
2419,11.35,0.27,Rejected
2462,11.34,0.27,Rejected
1146,11.33,0.2,Rejected
423,11.32,0.27,Rejected
452,11.32,0.27,Rejected
599,11.31,0.27,Rejected
1266,11.29,0.27,Rejected
1880,11.28,0.27,Rejected
1322,11.28,0.27,Rejected
1944,11.28,0.2,Rejected
518,11.25,0.27,Rejected
421,11.24,0.27,Rejected
2426,11.23,0.2,Rejected
466,11.23,0.27,Rejected
687,11.22,0.27,Rejected
521,11.21,0.27,Rejected
1848,11.2,0.27,Rejected
620,11.2,0.2,Rejected
947,11.2,0.27,Rejected
408,11.2,0.27,Rejected
130,11.19,0.27,Rejected
2142,11.19,0.27,Rejected
2414,11.19,0.27,Rejected
588,11.18,0.2,Rejected
945,11.18,0.27,Rejected
1597,11.17,0.27,Rejected
2263,11.15,0.2,Rejected
1367,11.14,0.27,Rejected
1494,11.14,0.27,Rejected
1896,11.14,0.2,Rejected
341,11.13,0.27,Rejected
1891,11.11,0.27,Rejected
1637,11.11,0.2,Rejected
614,11.1,0.2,Rejected
2124,11.08,0.2,Rejected
1674,11.07,0.27,Rejected
1840,11.07,0.27,Rejected
2204,11.06,0.2,Rejected
366,11.06,0.27,Rejected
1857,11.06,0.27,Rejected
820,11.05,0.27,Rejected
2042,11.02,0.27,Rejected
660,11.01,0.2,Rejected
1468,11.0,0.27,Rejected
919,11.0,0.2,Rejected
80,10.96,0.2,Rejected
1449,10.96,0.27,Rejected
921,10.96,0.2,Rejected
878,10.95,0.27,Rejected
2479,10.95,0.27,Rejected
1355,10.95,0.27,Rejected
2441,10.94,0.27,Rejected
2096,10.93,0.27,Rejected
2276,10.9,0.27,Rejected
1653,10.86,0.27,Rejected
870,10.86,0.2,Rejected
45,10.85,0.2,Rejected
2396,10.85,0.27,Rejected
998,10.8,0.27,Rejected
880,10.77,0.27,Rejected
672,10.75,0.2,Rejected
190,10.73,0.2,Rejected
625,10.72,0.2,Rejected
1475,10.72,0.2,Rejected
168,10.71,0.2,Rejected
102,10.68,0.2,Rejected
2275,10.67,0.27,Rejected
1416,10.66,0.2,Rejected
639,10.66,0.2,Rejected
166,10.62,0.2,Rejected
2123,10.57,0.2,Rejected
1540,10.57,0.2,Rejected
1485,10.56,0.2,Rejected
1884,10.51,0.2,Rejected
2153,10.45,0.2,Rejected
38,10.45,0.2,Rejected
1507,10.45,0.2,Rejected
306,10.4,0.2,Rejected
1759,10.39,0.2,Rejected
2136,10.38,0.2,Rejected
1764,10.38,0.2,Rejected
1911,10.31,0.2,Rejected
1610,10.3,0.2,Rejected
2350,10.3,0.2,Rejected
1229,10.19,0.2,Rejected
279,10.19,0.2,Rejected
2309,10.09,0.2,Rejected
2085,10.08,0.2,Rejected
31,10.08,0.2,Rejected
1040,10.08,0.2,Rejected
1520,10.07,0.2,Rejected
1694,10.07,0.2,Rejected
864,10.05,0.2,Rejected
2189,10.04,0.2,Rejected
2224,10.04,0.2,Rejected
298,10.04,0.2,Rejected
1525,10.01,0.2,Rejected
1363,9.96,0.2,Rejected
826,9.94,0.2,Rejected
177,9.93,0.2,Rejected
290,9.92,0.2,Rejected
497,9.91,0.2,Rejected
950,9.91,0.2,Rejected
2228,9.91,0.2,Rejected
1242,9.89,0.2,Rejected
1920,9.88,0.2,Rejected
183,9.87,0.2,Rejected
2032,9.86,0.13,Rejected
2015,9.86,0.2,Rejected
1823,9.85,0.2,Rejected
1177,9.83,0.2,Rejected
356,9.82,0.2,Rejected
1448,9.82,0.2,Rejected
451,9.79,0.2,Rejected
2461,9.78,0.2,Rejected
509,9.73,0.2,Rejected
770,9.71,0.2,Rejected
1529,9.7,0.2,Rejected
1228,9.7,0.2,Rejected
1677,9.68,0.2,Rejected
2399,9.68,0.2,Rejected
2483,9.66,0.2,Rejected
2444,9.66,0.2,Rejected
1689,9.65,0.2,Rejected
928,9.61,0.2,Rejected
2039,9.61,0.2,Rejected
174,9.59,0.2,Rejected
890,9.59,0.2,Rejected
443,9.57,0.2,Rejected
2453,9.57,0.2,Rejected
215,9.56,0.2,Rejected
1190,9.56,0.2,Rejected
746,9.54,0.2,Rejected
1476,9.54,0.2,Rejected
1728,9.54,0.2,Rejected
2128,9.5,0.2,Rejected
1672,9.49,0.2,Rejected
314,9.49,0.2,Rejected
1089,9.47,0.2,Rejected
2341,9.46,0.2,Rejected
261,9.46,0.2,Rejected
389,9.45,0.2,Rejected
249,9.45,0.2,Rejected
1574,9.44,0.2,Rejected
40,9.44,0.2,Rejected
1810,9.44,0.2,Rejected
374,9.44,0.2,Rejected
1396,9.42,0.2,Rejected
1387,9.42,0.2,Rejected
1806,9.41,0.2,Rejected
1855,9.4,0.2,Rejected
2236,9.38,0.2,Rejected
65,9.38,0.2,Rejected
1007,9.38,0.2,Rejected
2317,9.37,0.2,Rejected
1581,9.37,0.2,Rejected
1533,9.35,0.2,Rejected
178,9.35,0.2,Rejected
1917,9.34,0.2,Rejected
1022,9.33,0.2,Rejected
2435,9.33,0.2,Rejected
861,9.31,0.2,Rejected
1915,9.29,0.2,Rejected
2271,9.28,0.2,Rejected
372,9.28,0.2,Rejected
424,9.26,0.2,Rejected
796,9.22,0.2,Rejected
1871,9.21,0.2,Rejected
591,9.2,0.2,Rejected
1454,9.2,0.2,Rejected
256,9.2,0.2,Rejected
1538,9.2,0.2,Rejected
19,9.19,0.2,Rejected
913,9.18,0.2,Rejected
1359,9.17,0.2,Rejected
1300,9.17,0.2,Rejected
855,9.14,0.2,Rejected
1202,9.1,0.13,Rejected
357,9.09,0.2,Rejected
1895,9.08,0.2,Rejected
388,9.08,0.2,Rejected
885,9.06,0.2,Rejected
808,9.05,0.2,Rejected
2182,9.03,0.2,Rejected
1524,9.03,0.2,Rejected
1622,9.03,0.2,Rejected
2138,9.03,0.2,Rejected
191,9.0,0.2,Rejected
1405,8.98,0.2,Rejected
418,8.98,0.2,Rejected
1511,8.97,0.2,Rejected
2003,8.96,0.2,Rejected
381,8.95,0.2,Rejected
160,8.95,0.2,Rejected
1023,8.94,0.2,Rejected
1434,8.94,0.2,Rejected
1249,8.94,0.2,Rejected
1829,8.93,0.2,Rejected
1107,8.92,0.2,Rejected
690,8.91,0.2,Rejected
2080,8.87,0.2,Rejected
1335,8.87,0.2,Rejected
852,8.86,0.2,Rejected
82,8.86,0.2,Rejected
736,8.86,0.2,Rejected
403,8.85,0.2,Rejected
339,8.85,0.2,Rejected
1516,8.85,0.2,Rejected
1341,8.84,0.2,Rejected
824,8.82,0.2,Rejected
112,8.78,0.2,Rejected
1486,8.76,0.2,Rejected
1030,8.76,0.2,Rejected
636,8.75,0.2,Rejected
2169,8.74,0.2,Rejected
2358,8.74,0.2,Rejected
789,8.73,0.2,Rejected
1100,8.71,0.2,Rejected
1095,8.7,0.2,Rejected
1837,8.68,0.2,Rejected
320,8.65,0.2,Rejected
401,8.63,0.2,Rejected
2021,8.63,0.2,Rejected
2195,8.62,0.2,Rejected
952,8.61,0.2,Rejected
1047,8.61,0.2,Rejected
1922,8.6,0.2,Rejected
958,8.6,0.2,Rejected
2368,8.59,0.2,Rejected
343,8.56,0.2,Rejected
400,8.56,0.2,Rejected
180,8.56,0.2,Rejected
517,8.55,0.2,Rejected
2295,8.55,0.2,Rejected
373,8.54,0.2,Rejected
2339,8.53,0.2,Rejected
2105,8.52,0.2,Rejected
1572,8.49,0.2,Rejected
2107,8.47,0.2,Rejected
369,8.47,0.2,Rejected
1156,8.43,0.13,Rejected
1159,8.41,0.2,Rejected
1446,8.41,0.2,Rejected
1835,8.39,0.2,Rejected
1910,8.39,0.2,Rejected
2366,8.38,0.2,Rejected
355,8.37,0.2,Rejected
1489,8.37,0.2,Rejected
1283,8.36,0.2,Rejected
2064,8.36,0.2,Rejected
2340,8.35,0.2,Rejected
2135,8.33,0.2,Rejected
405,8.27,0.2,Rejected
1289,8.26,0.2,Rejected
395,8.22,0.2,Rejected
2076,8.2,0.2,Rejected
1883,8.16,0.13,Rejected
2375,8.12,0.2,Rejected
2288,8.08,0.2,Rejected
1846,8.07,0.13,Rejected
1575,7.95,0.13,Rejected
23,7.81,0.13,Rejected
2171,7.75,0.13,Rejected
538,7.74,0.13,Rejected
1098,7.6,0.13,Rejected
916,7.47,0.13,Rejected
2310,7.44,0.13,Rejected
2407,7.37,0.13,Rejected
1850,7.35,0.13,Rejected
1186,7.26,0.13,Rejected
1400,7.26,0.13,Rejected
528,7.12,0.13,Rejected
411,7.1,0.13,Rejected
1169,7.1,0.13,Rejected
618,7.03,0.13,Rejected
442,6.99,0.13,Rejected
2448,6.98,0.13,Rejected
390,6.95,0.13,Rejected
1333,6.94,0.13,Rejected
930,6.91,0.13,Rejected
1039,6.91,0.13,Rejected
806,6.9,0.13,Rejected
1809,6.89,0.13,Rejected
9,6.88,0.13,Rejected
918,6.88,0.13,Rejected
995,6.83,0.13,Rejected
905,6.83,0.13,Rejected
1818,6.82,0.13,Rejected
271,6.82,0.13,Rejected
1065,6.8,0.13,Rejected
431,6.8,0.13,Rejected
1364,6.79,0.13,Rejected
904,6.79,0.13,Rejected
1708,6.71,0.13,Rejected
903,6.7,0.13,Rejected
544,6.7,0.13,Rejected
2270,6.69,0.13,Rejected
631,6.67,0.13,Rejected
1360,6.66,0.13,Rejected
2328,6.64,0.13,Rejected
1482,6.63,0.13,Rejected
1928,6.62,0.13,Rejected
954,6.62,0.13,Rejected
1838,6.61,0.13,Rejected
1033,6.61,0.13,Rejected
704,6.58,0.13,Rejected
1873,6.58,0.13,Rejected
526,6.55,0.13,Rejected
1841,6.54,0.13,Rejected
463,6.52,0.13,Rejected
1134,6.52,0.13,Rejected
543,6.49,0.13,Rejected
487,6.47,0.13,Rejected
435,6.43,0.13,Rejected
1693,6.43,0.13,Rejected
632,6.43,0.13,Rejected
2057,6.42,0.13,Rejected
264,6.39,0.13,Rejected
1615,6.39,0.13,Rejected
2446,6.39,0.13,Rejected
472,6.33,0.13,Rejected
822,6.33,0.13,Rejected
1465,6.31,0.13,Rejected
165,6.31,0.13,Rejected
2045,6.3,0.13,Rejected
1041,6.29,0.13,Rejected
322,6.28,0.13,Rejected
457,6.27,0.13,Rejected
260,6.27,0.13,Rejected
1509,6.27,0.13,Rejected
1490,6.27,0.13,Rejected
375,6.24,0.13,Rejected
364,6.21,0.13,Rejected
1812,6.2,0.13,Rejected
359,6.2,0.13,Rejected
1639,6.18,0.13,Rejected
1593,6.16,0.13,Rejected
942,6.16,0.13,Rejected
1369,6.16,0.13,Rejected
1181,6.16,0.13,Rejected
1897,6.15,0.13,Rejected
2463,6.15,0.13,Rejected
927,6.13,0.13,Rejected
1563,6.12,0.13,Rejected
2334,6.12,0.13,Rejected
413,6.07,0.13,Rejected
73,6.05,0.13,Rejected
2250,6.04,0.13,Rejected
2418,6.04,0.13,Rejected
1605,6.01,0.13,Rejected
813,6.0,0.13,Rejected
2402,5.99,0.13,Rejected
1836,5.99,0.13,Rejected
701,5.98,0.13,Rejected
340,5.98,0.13,Rejected
430,5.96,0.13,Rejected
1189,5.95,0.13,Rejected
1424,5.91,0.13,Rejected
444,5.89,0.13,Rejected
2397,5.89,0.13,Rejected
516,5.87,0.13,Rejected
2424,5.86,0.13,Rejected
358,5.86,0.13,Rejected
1120,5.85,0.13,Rejected
2091,5.81,0.13,Rejected
1426,5.78,0.13,Rejected
833,5.76,0.13,Rejected
379,5.74,0.13,Rejected
2433,5.74,0.13,Rejected
153,5.73,0.13,Rejected
409,5.7,0.13,Rejected
1892,5.68,0.13,Rejected
469,5.61,0.13,Rejected
933,5.6,0.13,Rejected
2102,5.58,0.13,Rejected
2158,5.58,0.13,Rejected
439,5.55,0.13,Rejected
1049,5.48,0.13,Rejected
520,5.46,0.13,Rejected
1508,5.46,0.13,Rejected
552,5.44,0.13,Rejected
2129,5.44,0.13,Rejected
2163,5.44,0.13,Rejected
2349,5.41,0.13,Rejected
2243,4.76,0.07,Rejected
2415,4.62,0.07,Rejected
948,4.49,0.07,Rejected
799,4.48,0.07,Rejected
387,4.37,0.07,Rejected
2307,4.3,0.07,Rejected
1967,4.25,0.07,Rejected
2152,4.16,0.07,Rejected
1410,4.15,0.07,Rejected
2277,4.14,0.07,Rejected
99,4.14,0.07,Rejected
540,4.07,0.07,Rejected
1947,4.05,0.07,Rejected
917,4.04,0.07,Rejected
428,3.93,0.07,Rejected
367,3.86,0.07,Rejected
2319,3.81,0.07,Rejected
377,3.81,0.07,Rejected
866,3.79,0.07,Rejected
1168,3.76,0.07,Rejected
1852,3.75,0.07,Rejected
376,3.71,0.07,Rejected
1077,3.7,0.07,Rejected
1457,3.65,0.07,Rejected
360,3.62,0.07,Rejected
1456,3.57,0.07,Rejected
2234,3.53,0.07,Rejected
1602,3.51,0.07,Rejected
1163,3.5,0.07,Rejected
406,3.48,0.07,Rejected
1394,3.48,0.07,Rejected
2212,3.43,0.07,Rejected
2073,3.41,0.07,Rejected
2445,3.4,0.07,Rejected
923,3.4,0.07,Rejected
1245,3.4,0.07,Rejected
426,3.37,0.07,Rejected
353,3.34,0.07,Rejected
368,3.34,0.07,Rejected
1390,3.25,0.07,Rejected
1051,3.23,0.07,Rejected
2289,3.19,0.07,Rejected
788,3.18,0.07,Rejected
240,3.13,0.07,Rejected
619,3.13,0.07,Rejected
2258,3.03,0.07,Rejected
1404,2.91,0.07,Rejected
792,2.89,0.07,Rejected
1102,2.84,0.07,Rejected
2033,2.82,0.07,Rejected
2362,2.79,0.07,Rejected
1853,2.67,0.07,Rejected
1543,1.59,0.0,Rejected
1284,1.3,0.0,Rejected
2010,1.07,0.0,Rejected
915,1.05,0.0,Rejected
1010,0.85,0.0,Rejected
391,0.81,0.0,Rejected
412,0.75,0.0,Rejected
2273,0.7,0.0,Rejected
415,0.69,0.0,Rejected
1370,0.67,0.0,Rejected
1939,0.36,0.0,Rejected
2343,0.34,0.0,Rejected
2267,0.34,0.0,Rejected
2421,0.32,0.0,Rejected
1931,0.19,0.0,Rejected
656,0.0,0.0,Rejected
937,0.0,0.0,Rejected
